[
  {
    "outputFileName": "wwwroot/css/bundle.css",
    "inputFiles": [
      "wwwroot/lib/bootstrap/dist/css/bootstrap.css",
      "wwwroot/css/site.css",
      "wwwroot/lib/datatables/datatables.min.css",
      "wwwroot/lib/font-awesome-4.7.0/css/font-awesome.css",
      "wwwroot/lib/jqueryui/jquery-ui.min.css",
      "wwwroot/lib/sweetalert2/sweetalert2.min.css"
    ],
    "minify": {
      "enabled": true
    }
  },
  {
    "outputFileName": "wwwroot/js/bundle.js",
    "inputFiles": [
      "wwwroot/lib/jquery/dist/jquery.min.js",
      "wwwroot/lib/jqueryui/jquery-ui.min.js",
      "wwwroot/lib/jquery-validation/dist/jquery.validate.min.js",
      "wwwroot/lib/jquery-validation-unobtrusive/jquery.validate.unobtrusive.min.js",
      "wwwroot/lib/bootstrap/dist/js/bootstrap.bundle.min.js",
      //"wwwroot/js/site.js",
      "wwwroot/lib/datatables/datatables.min.js",
      "wwwroot/lib/sweetalert2/sweetalert2.min.js"
    ],
    "minify": {
      "enabled": true
    }
  }
]
